{
    "confidence_score": 0.527085542678833,
    "ptm": 0.2814096510410309,
    "iptm": 0.0,
    "ligand_iptm": 0.0,
    "protein_iptm": 0.0,
    "complex_plddt": 0.5885044932365417,
    "complex_iplddt": 0.5885044932365417,
    "complex_pde": 4.3015313148498535,
    "complex_ipde": 0.0,
    "chains_ptm": {
        "0": 0.2814096510410309
    },
    "pair_chains_iptm": {
        "0": {
            "0": 0.2814096510410309
        }
    }
}