design_id,backend,selection_role,af3_pass,rf3_pass,af3_motif_rmsd,rf3_motif_rmsd,af3_plddt,rf3_plddt,af3_pae,rf3_pae,motif_atoms_missing,clash_count,structure_gate
rfdiffusion_v1__design_15,rfdiffusion_v1,primary,PASS,PASS,0.7312926294909559,0.7316750490248884,89.28551724137931,80.86756238003838,2.9345511249721543,2.1484473156605035,0/0,0/0,PASS
rfdiffusion_v1__design_9,rfdiffusion_v1,primary,PASS,PASS,0.8092217555704638,0.7522824780396646,90.70910514541387,82.06726457399103,2.656391841424878,1.9314478598103992,0/0,0/0,PASS
rfdiffusion_v1__design_7,rfdiffusion_v1,primary,PASS,PASS,0.8315725055699434,0.815761971276433,90.53102040816327,84.17954545454546,2.53401652892562,1.979596694214876,0/0,0/0,PASS
rfdiffusion_v1__design_18,rfdiffusion_v1,primary,PASS,PASS,0.8317954570652241,0.8178253866874672,88.09142361111111,84.28695652173913,3.632764120848189,2.190557327828861,0/0,0/0,PASS
rfdiffusion_v1__design_4,rfdiffusion_v1,primary,PASS,PASS,0.9759984474964446,0.8264790173933619,88.49002358490566,85.9301204819277,3.204,1.96260826446281,0/0,1/0,PASS
foundry_rfd3__design_6,foundry_rfd3,comparison_backup,PASS,PASS,0.9330342011454243,1.0100426684846968,87.81372781065089,82.99407114624506,3.684785030073513,2.5788327021608377,0/0,0/0,PASS
foundry_rfd3__design_14,foundry_rfd3,comparison_backup,PASS,PASS,1.7263866954032232,1.6272302130081358,88.7784649122807,81.16483516483517,4.0741455078125,3.4314404296875,0/0,0/0,WARN
foundry_rfd3__design_16,foundry_rfd3,comparison_backup,PASS,PASS,0.9903385578420466,1.6766914171485596,77.45096899224806,82.21747572815534,5.1382060424094576,4.453394633139426,0/0,0/0,WARN
foundry_rfd3__design_0,foundry_rfd3,comparison_backup,PASS,PASS,0.8291914130155464,2.1304096234463965,82.29526548672567,83.16691285081241,5.078942052771115,3.378227496528216,0/0,1/1,WARN
foundry_rfd3__design_4,foundry_rfd3,comparison_backup,PASS,PASS,0.9239638037943504,2.15938740729354,85.87287009063444,78.18154311649018,3.9093708489312884,5.802310107474943,0/0,0/2,WARN
