seed,sample,ranking_score
1,0,0.6278574084487584
1,1,0.616303655063932
1,2,0.6164865037067593
1,3,0.6179708416815382
1,4,0.6137834457764069
