{
    "confidence_score": 0.6109933853149414,
    "ptm": 0.297340989112854,
    "iptm": 0.0,
    "ligand_iptm": 0.0,
    "protein_iptm": 0.0,
    "complex_plddt": 0.6894064545631409,
    "complex_iplddt": 0.6894064545631409,
    "complex_pde": 3.0270824432373047,
    "complex_ipde": 0.0,
    "chains_ptm": {
        "0": 0.297340989112854
    },
    "pair_chains_iptm": {
        "0": {
            "0": 0.297340989112854
        }
    }
}