{
    "confidence_score": 0.5841935873031616,
    "ptm": 0.2994997203350067,
    "iptm": 0.0,
    "ligand_iptm": 0.0,
    "protein_iptm": 0.0,
    "complex_plddt": 0.6553670167922974,
    "complex_iplddt": 0.6553670167922974,
    "complex_pde": 4.000820159912109,
    "complex_ipde": 0.0,
    "chains_ptm": {
        "0": 0.2994997203350067
    },
    "pair_chains_iptm": {
        "0": {
            "0": 0.2994997203350067
        }
    }
}