{
    "confidence_score": 0.5768570303916931,
    "ptm": 0.10836967825889587,
    "iptm": 0.0,
    "ligand_iptm": 0.0,
    "protein_iptm": 0.0,
    "complex_plddt": 0.6939789056777954,
    "complex_iplddt": 0.6939789056777954,
    "complex_pde": 5.6415510177612305,
    "complex_ipde": 0.0,
    "chains_ptm": {
        "0": 0.10836967825889587
    },
    "pair_chains_iptm": {
        "0": {
            "0": 0.10836967825889587
        }
    }
}